,선수명,팀명,ERA,G,W,L,SV,HLD,WPCT,IP,H,HR,BB,HBP,SO,R,ER,WHIP
RP,스기모토,KT,5.31,23,0,1,0,6,0,20 1/3,28,2,4,2,18,17,12,1.57
RP,한승혁,KT,5.03,22,1,1,0,6,0.5,19 2/3,21,2,13,0,27,13,11,1.73
RP,전용주,KT,3.07,20,2,1,0,3,0.667,14 2/3,7,0,14,1,12,5,5,1.43
RP,김민수,KT,4.43,19,2,2,1,2,0.5,20 1/3,18,2,6,1,15,11,10,1.18
RP,손동현,KT,2.95,18,1,0,0,1,1,18 1/3,16,2,8,1,18,6,6,1.31
CP,박영현,KT,2.37,16,2,0,9,0,1,19,13,0,6,0,19,5,5,1
RP,우규민,KT,3.97,14,0,0,0,1,0,11 1/3,15,1,1,1,4,5,5,1.41
RP,주권,KT,3.94,13,1,0,0,0,1,16,16,1,7,0,4,9,7,1.44
SP,고영표,KT,5.23,8,1,4,0,0,0.2,43,51,7,7,4,54,26,25,1.35
SP,보쉴리,KT,3.8,8,5,2,0,0,0.714,45,52,3,14,1,39,19,19,1.47
SP,사우어,KT,4.53,8,2,2,0,0,0.5,45 2/3,42,6,18,4,38,23,23,1.31
SP,오원석,KT,3.89,8,4,2,0,0,0.667,44,45,3,10,0,39,21,19,1.25
SP,소형준,KT,3.69,7,3,0,0,0,1,39,43,2,9,3,37,19,16,1.33
,,,,,,,,,,,,,,,,,
,,,,,,,,,,,,,,,,,
RP,김진성,LG,3.5,20,3,0,0,7,1,18,21,3,4,0,11,7,7,1.39
RP,우강훈,LG,4.76,20,0,0,0,9,0,17,14,1,7,3,20,13,9,1.24
RP,장현식,LG,5.5,19,4,2,2,7,0.667,18,19,4,8,1,16,11,11,1.5
RP,함덕주,LG,7.43,17,1,1,1,2,0.5,13 1/3,21,3,6,0,7,11,11,2.03
RP,김영우,LG,3.29,16,1,0,0,2,1,13 2/3,12,1,7,0,12,5,5,1.39
CP,유영찬,LG,0.75,13,0,1,11,0,0,12,4,0,6,0,12,1,1,0.83
RP,이정용,LG,4.58,11,0,0,0,1,0,17 2/3,21,2,7,2,10,12,9,1.58
RP,김진수,LG,3.07,10,2,1,1,0,0,14 2/3,13,2,4,0,11,5,5,1.16
RP,배재준,LG,5.4,10,1,0,0,2,1,10,11,0,8,0,11,6,6,1.9
SP,송승기,LG,4.19,8,2,1,0,0,0.667,38 2/3,41,5,13,0,32,21,18,1.4
SP,임찬규,LG,4.46,8,2,1,0,0,0.667,42 1/3,58,2,12,1,22,22,21,1.65
SP,톨허스트,LG,3.55,8,5,2,0,0,0.714,45 2/3,38,3,15,6,36,18,18,1.16
SP,웰스,LG,2.06,7,2,2,0,0,0.5,39 1/3,28,1,10,0,28,11,9,0.97
SP,치리노스,LG,6.57,6,1,3,0,0,0.25,24 2/3,35,1,10,3,20,19,18,1.82
RP,김유영,LG,1.8,5,0,0,0,0,0,5,3,0,4,0,8,1,1,1.4
RP,박시원,LG,5.06,5,0,1,0,0,0,5 1/3,6,0,3,1,0,4,3,1.69
RP,성동현,LG,6.75,4,0,0,0,0,0,4,4,1,2,1,3,4,3,1.5
,,,,,,,,,,,,,,,,,
,,,,,,,,,,,,,,,,,
RP,배찬승,삼성,2.25,21,2,0,0,3,1,16,13,3,15,0,11,5,4,1.75
RP,이승민,삼성,1.71,20,1,0,0,6,1,21,12,0,14,0,13,6,4,1.24
RP,미야지,삼성,6.6,19,0,1,0,3,0,15,11,3,12,4,10,11,11,1.53
RP,이승현,삼성,6.14,19,3,1,1,2,0.75,14 2/3,21,2,7,0,11,10,10,1.91
CP,김재윤,삼성,2.81,18,2,2,8,0,0.5,16,11,2,9,1,17,5,5,1.25
RP,백정현,삼성,5.11,13,2,0,0,3,1,12 1/3,10,2,4,0,6,7,7,1.14
RP,임기영,삼성,2.6,12,0,0,0,1,0,17 1/3,17,3,4,1,9,5,5,1.21
RP,장찬희,삼성,3.38,10,3,2,0,0,0.6,26 2/3,24,3,14,0,17,11,10,1.43
SP,후라도,삼성,2.33,9,2,1,0,0,0.667,58,54,6,8,1,41,16,15,1.07
RP,김태훈,삼성,2.25,8,1,1,0,1,0.5,8,3,1,3,1,4,5,2,0.75
SP,오러클린,삼성,3.38,8,2,2,0,0,0.5,40,31,1,17,6,40,15,15,1.2
RP,최지광,삼성,4.26,8,1,0,1,1,1,6 1/3,7,0,3,2,6,5,3,1.58
RP,양창섭,삼성,5.23,7,2,0,0,0,1,20 2/3,24,3,7,1,17,13,12,1.5
SP,최원태,삼성,4.42,7,1,1,0,0,0.5,36 2/3,41,2,17,1,34,20,18,1.58
SP,원태인,삼성,3.78,6,1,3,0,0,0.25,33 1/3,33,1,7,1,27,14,14,1.2
SP,이승현,삼성,14.81,3,0,2,0,0,0,10 1/3,19,2,12,1,6,17,17,3
SP,육선엽,삼성,11.57,2,0,0,0,0,0,2 1/3,2,1,3,1,3,3,3,2.14
RP,정재훈,삼성,20.25,2,0,0,0,0,0,1 1/3,3,1,0,1,1,3,3,2.25
,,,,,,,,,,,,,,,,,
,,,,,,,,,,,,,,,,,
RP,김민,SSG,5.4,20,4,2,1,5,0.667,20,17,1,13,1,24,14,12,1.5
RP,노경은,SSG,3.26,19,1,2,0,4,0.333,19 1/3,18,2,7,1,16,8,7,1.29
RP,이로운,SSG,3.86,19,3,0,0,4,1,18 2/3,15,1,11,0,16,8,8,1.39
"SP, RP",문승원,SSG,1.16,17,2,0,0,2,1,23 1/3,12,0,8,3,14,7,3,0.86
CP,조병현,SSG,1.1,15,1,1,5,0,0.5,16 1/3,9,0,11,0,17,2,2,1.22
RP,한두솔,SSG,3.31,15,0,0,0,0,0,16 1/3,20,1,3,4,12,7,6,1.41
RP,박시후,SSG,6.08,13,0,1,0,0,0,13 1/3,14,3,7,3,11,11,9,1.58
RP,장지훈,SSG,8.31,12,0,0,0,0,0,17 1/3,21,3,6,2,9,16,16,1.56
RP,전영준,SSG,9,12,0,0,1,0,0,11,9,3,6,2,15,11,11,1.36
RP,김건우,SSG,3.51,8,5,0,0,0,1,41,33,5,19,2,31,16,16,1.27
SP,베니지아노,SSG,6.44,8,1,2,0,0,0.333,36 1/3,47,5,16,3,27,29,26,1.73
RP,이기순,SSG,6.75,7,1,1,0,0,0.5,9 1/3,11,0,11,2,7,7,7,2.36
RP,최민준,SSG,3.23,7,1,2,0,0,0.333,30 2/3,27,4,17,3,26,16,11,1.43
SP,타케다,SSG,10.21,7,1,5,0,0,0.167,27 1/3,41,3,18,1,26,31,31,2.16
SP,화이트,SSG,4.11,6,1,1,0,0,0.5,30 2/3,37,1,15,2,29,15,14,1.7
RP,백승건,SSG,4.32,5,0,0,0,0,0,8 1/3,9,0,4,0,7,5,4,1.56
SP,김도현,SSG,5.06,4,0,0,0,0,0,5 1/3,3,1,9,0,2,3,3,2.25
,,,,,,,,,,,,,,,,,
RP,김범수,KIA,5.17,21,0,2,1,7,0,15 2/3,16,1,10,1,15,10,9,1.66
CP,조상우,KIA,2.04,20,1,1,0,5,0.5,17 2/3,15,0,8,1,10,8,4,1.3
RP,성영탁,KIA,0.93,16,1,0,5,3,1,19 1/3,15,0,4,0,21,2,2,0.98
RP,최지민,KIA,3.68,16,0,0,0,1,0,14 2/3,15,3,5,2,7,6,6,1.36
CP,정해영,KIA,3.29,13,2,0,1,2,1,13 2/3,9,1,5,1,12,5,5,1.02
RP,한재승,KIA,3.46,13,1,0,0,1,1,13,11,2,4,1,9,5,5,1.15
RP,홍민규,KIA,11.12,12,1,2,0,0,0.333,11 1/3,20,2,5,0,10,14,14,2.21
SP,황동하,KIA,4.93,11,4,0,0,1,1,34 2/3,37,9,12,1,26,20,19,1.41
RP,이태양,KIA,1.42,10,1,0,0,3,1,12 2/3,8,0,3,1,6,2,2,0.87
SP,네일,KIA,3.71,9,1,3,0,0,0.25,51,48,3,8,4,36,21,21,1.1
SP,양현종,KIA,4.66,8,3,3,0,0,0.5,38 2/3,38,7,18,1,30,23,20,1.45
SP,올러,KIA,3.04,8,4,3,0,0,0.571,50 1/3,36,3,15,3,46,18,17,1.01
SP,이의리,KIA,9,8,1,4,0,0,0.2,28,33,6,26,1,32,28,28,2.11
RP,김태형,KIA,6.97,7,0,1,0,0,0,20 2/3,33,4,12,3,10,16,16,2.18
RP,김건국,KIA,7.71,5,0,0,0,0,0,4 2/3,4,1,4,0,4,4,4,1.71
RP,전상현,KIA,13.5,4,0,1,0,2,0,3 1/3,6,0,1,1,3,5,5,2.1
,,,,,,,,,,,,,,,,,
RP,정우주,한화,6.16,20,0,0,0,5,0,19,19,0,18,5,25,13,13,1.95
RP,조동욱,한화,3.86,20,0,1,0,5,0,16 1/3,15,0,8,2,15,7,7,1.41
RP,김종수,한화,4.97,16,0,1,0,3,0,12 2/3,13,2,5,2,13,7,7,1.42
RP,박상원,한화,12,16,0,2,0,3,0,12,21,2,7,1,14,16,16,2.33
CP,쿠싱,한화,4.79,16,1,2,4,0,0.333,20 2/3,20,3,6,0,26,11,11,1.26
RP,윤산흠,한화,3.24,15,1,0,0,2,1,16 2/3,12,1,7,1,13,8,6,1.14
RP,이민우,한화,2.08,14,0,1,0,4,0,17 1/3,15,1,4,3,7,4,4,1.1
CP,김서현,한화,12.38,12,1,2,1,0,0.333,8,9,1,15,4,5,12,11,3
RP,박준영,한화,4.7,12,1,0,0,0,1,15 1/3,12,1,16,2,13,9,8,1.83
RP,이상규,한화,2.92,10,0,0,0,2,0,12 1/3,10,1,6,1,8,7,4,1.3
SP,왕옌청,한화,2.74,9,4,2,0,0,0.667,49 1/3,49,3,21,3,42,23,15,1.42
RP,원종혁,한화,10.5,9,1,0,0,0,1,6,13,1,7,0,3,8,7,3.33
RP,강건우,한화,7.15,8,0,0,0,0,0,11 1/3,20,2,9,1,10,10,9,2.56
RP,권민규,한화,3.38,8,1,0,0,0,1,8,10,1,4,0,5,3,3,1.75
SP,에르난데스,한화,4.86,8,3,3,0,0,0.5,37,41,2,15,1,27,22,20,1.51
SP,류현진,한화,3.51,7,4,2,0,0,0.667,41,36,4,7,1,41,19,16,1.05
RP,김도빈,한화,24.75,6,0,1,0,1,0,4,3,0,10,2,6,11,11,3.25
SP,문동주,한화,5.18,6,1,1,0,0,0.5,24 1/3,27,3,11,3,18,16,14,1.56
SP,황준서,한화,6.57,6,0,2,0,0,0,12 1/3,11,1,12,0,14,10,9,1.86
CP,주현상,한화,15.43,3,0,0,0,0,0,2 1/3,7,1,2,0,1,9,4,3.86
RP,박준영,한화,0,1,1,0,0,0,1,5,3,0,3,0,2,0,0,1.2
,,,,,,,,,,,,,,,,,
RP,이병헌,두산,5.94,23,1,1,0,4,0.5,16 2/3,23,1,7,0,16,13,11,1.8
RP,양재훈,두산,4.12,20,0,2,0,2,0,19 2/3,19,2,12,3,21,11,9,1.58
RP,김정우,두산,2.6,18,0,2,0,2,0,17 1/3,12,0,7,3,13,5,5,1.1
RP,타무라,두산,8.1,14,1,1,0,2,0.5,13 1/3,24,3,4,1,13,12,12,2.1
RP,이영하,두산,2.65,13,2,1,3,0,0.667,17,11,1,14,0,20,5,5,1.47
RP,박치국,두산,2,12,0,0,0,3,0,9,13,0,2,3,10,4,2,1.67
RP,윤태호,두산,1.74,12,1,0,1,1,1,10 1/3,8,0,6,0,9,2,2,1.35
SP,곽빈,두산,3.62,9,3,2,0,0,0.6,49 2/3,50,3,20,1,57,24,20,1.41
CP,김택연,두산,0.87,9,0,0,3,0,0,10 1/3,5,1,6,0,11,1,1,1.06
RP,박신지,두산,10.5,9,0,0,0,0,0,12,14,3,8,2,9,14,14,1.83
SP,잭로그,두산,3.19,8,3,3,0,0,0.5,48,52,2,9,2,45,19,17,1.27
SP,최승용,두산,5.06,8,1,4,0,0,0.2,37 1/3,44,1,19,0,22,24,21,1.69
RP,이용찬,두산,10.13,7,1,0,0,0,1,5 1/3,9,2,2,0,5,6,6,2.06
SP,최민석,두산,2.56,7,3,0,0,0,1,38 2/3,31,1,23,2,35,14,11,1.4
RP,최지강,두산,18,7,0,0,0,0,0,4,9,0,4,1,4,11,8,3.25
SP,최준호,두산,4.09,6,1,1,0,0,0.5,11,9,2,3,0,13,5,5,1.09
SP,벤자민,두산,4.1,5,0,3,0,0,0,26 1/3,38,1,8,0,26,15,12,1.75
RP,최주형,두산,0,5,0,0,0,0,0,4 1/3,1,0,4,0,7,0,0,1.15
RP,김명신,두산,3.38,3,1,0,0,0,1,2 2/3,3,0,1,1,0,1,1,1.5
RP,박정수,두산,3,3,0,0,0,0,0,3,3,0,3,0,1,3,1,2
SP,최원준,두산,0,2,0,0,0,0,0,2,1,0,1,0,1,0,0,1
SP,플렉센,두산,5.4,2,0,2,0,0,0,5,2,1,6,2,3,4,3,1.6
,,,,,,,,,,,,,,,,,
RP,배재환,NC,0.93,24,2,0,0,8,1,19 1/3,16,1,6,0,17,5,2,1.14
RP,김영규,NC,3.63,23,1,1,0,2,0.5,17 1/3,18,2,13,1,13,7,7,1.79
RP,임지민,NC,3.93,20,1,1,1,5,0.5,18 1/3,11,3,9,1,21,9,8,1.09
RP,김진호,NC,6,18,0,2,0,4,0,15,12,2,15,0,12,11,10,1.8
RP,전사민,NC,2.76,18,1,1,2,0,0.5,16 1/3,10,0,4,3,12,5,5,0.86
CP,류진욱,NC,7.8,17,1,3,3,0,0.25,15,19,4,6,2,18,13,13,1.67
RP,이준혁,NC,3.29,14,0,0,0,1,0,13 2/3,14,0,11,3,13,8,5,1.83
RP,임정호,NC,5,14,0,0,0,1,0,9,9,1,3,0,8,5,5,1.33
RP,원종해,NC,3.24,11,0,0,0,1,0,8 1/3,5,0,3,3,5,3,3,0.96
SP,신민혁,NC,4.79,8,0,3,0,0,0,35 2/3,32,6,13,3,17,21,19,1.26
SP,테일러,NC,6.05,8,3,3,0,0,0.5,38 2/3,37,2,21,5,31,26,26,1.5
SP,구창모,NC,3.96,7,3,1,0,0,0.75,38 2/3,35,6,11,1,29,17,17,1.19
RP,손주환,NC,12,7,0,0,0,0,0,6,9,2,6,0,9,9,8,2.5
SP,토다,NC,5.29,7,2,4,0,0,0.333,34,35,3,14,1,24,21,20,1.44
RP,김태경,NC,0.87,6,0,0,0,0,0,10 1/3,7,0,4,1,11,1,1,1.06
SP,버하겐,NC,4.68,6,1,1,0,0,0.5,25,23,2,11,1,24,13,13,1.36
RP,목지훈,NC,8.64,5,0,1,0,0,0,8 1/3,12,3,8,1,6,9,8,2.4
SP,신영우,NC,6.43,5,1,1,0,0,0.5,7,2,1,11,1,9,6,5,1.86
RP,하준영,NC,9.82,4,0,0,0,0,0,3 2/3,4,1,3,0,5,4,4,1.91
SP,라일리,NC,4.5,2,1,0,0,0,1,10,7,4,3,0,9,5,5,1
,,,,,,,,,,,,,,,,,
CP,김원중,롯데,5.52,18,0,2,2,2,0,14 2/3,18,1,10,1,7,11,9,1.91
RP,박정민,롯데,3.79,18,2,1,1,5,0.667,19,12,3,13,1,23,8,8,1.32
RP,정철원,롯데,5.54,16,0,2,0,3,0,13,15,2,6,0,11,8,8,1.62
RP,최준용,롯데,3.18,16,1,1,6,1,0.5,17,11,0,9,1,18,6,6,1.18
RP,최이준,롯데,7.3,13,0,1,0,0,0,12 1/3,10,1,11,0,9,11,10,1.7
RP,현도훈,롯데,0.59,12,2,0,0,0,1,15 1/3,9,0,7,0,7,4,1,1.04
SP,쿄야마,롯데,7.59,10,0,1,0,1,0,10 2/3,14,1,9,0,13,10,9,2.16
RP,김진욱,롯데,3.06,8,2,2,0,0,0.5,47,41,4,16,1,41,17,16,1.21
SP,나균안,롯데,2.96,8,1,4,0,0,0.2,45 2/3,45,6,14,2,35,17,15,1.29
SP,로드리게스,롯데,5.11,8,3,2,0,0,0.6,44,45,7,22,3,44,25,25,1.52
SP,비슬리,롯데,3.61,8,4,2,0,0,0.667,42 1/3,50,1,12,2,52,19,17,1.46
RP,정현수,롯데,2.25,8,0,0,0,0,0,4,4,0,2,0,3,1,1,1.5
SP,박세웅,롯데,4.23,7,1,4,0,0,0.2,38 1/3,38,3,18,4,34,23,18,1.46
RP,박준우,롯데,5.14,5,0,0,0,0,0,7,9,0,2,1,5,4,4,1.57
RP,김강현,롯데,3.86,4,0,0,0,0,0,4 2/3,3,0,3,0,5,2,2,1.29
RP,윤성빈,롯데,13.5,4,0,0,0,0,0,3 1/3,4,0,6,0,2,5,5,3
RP,이민석,롯데,21.21,4,0,0,0,0,0,4 2/3,8,1,6,1,4,11,11,3
RP,구승민,롯데,0,3,0,0,0,0,0,2 2/3,2,0,1,0,2,0,0,1.13
,,,,,,,,,,,,,,,,,
,,,,,,,,,,,,,,,,,
RP,유토,키움,3.18,20,1,1,8,4,0.5,17,20,0,5,0,15,6,6,1.47
RP,김성진,키움,6.19,16,0,1,0,8,0,16,18,0,5,1,12,11,11,1.44
RP,박정훈,키움,3.18,16,2,1,0,6,0.667,22 2/3,20,0,16,1,18,8,8,1.59
RP,원종현,키움,1.72,15,0,0,0,3,0,15 2/3,16,0,2,0,10,5,3,1.15
RP,김재웅,키움,10.67,14,0,1,5,2,0,14 1/3,20,4,7,0,6,17,17,1.88
RP,박진형,키움,4.3,12,1,1,0,2,0.5,14 2/3,14,2,6,1,12,7,7,1.36
RP,오석주,키움,4.3,12,0,1,0,0,0,23,25,0,17,2,18,12,11,1.83
RP,배동현,키움,4.06,9,4,2,0,0,0.667,37 2/3,48,4,11,2,32,17,17,1.57
RP,정다훈,키움,6,9,0,0,0,0,0,9,11,2,7,1,1,6,6,2
SP,알칸타라,키움,3.26,8,3,3,0,0,0.5,49 2/3,60,6,8,0,45,19,18,1.37
SP,전준표,키움,8.53,7,0,0,0,0,0,6 1/3,10,1,8,2,7,6,6,2.84
SP,안우진,키움,2.7,6,1,2,0,0,0.333,20,17,1,5,0,27,7,6,1.1
RP,이준우,키움,10.8,6,0,1,0,0,0,6 2/3,11,0,5,1,6,9,8,2.4
RP,정세영,키움,10.43,6,0,2,0,0,0,14 2/3,24,3,6,1,4,19,17,2.05
SP,조영건,키움,11.25,6,0,0,0,0,0,4,7,1,2,1,5,5,5,2.25
SP,하영민,키움,5.02,6,2,2,0,0,0.5,28 2/3,28,6,18,1,23,19,16,1.6
RP,김서준,키움,3.68,4,0,0,0,0,0,7 1/3,3,1,6,1,7,3,3,1.23
RP,박윤성,키움,7.71,4,0,1,0,1,0,2 1/3,2,0,2,0,1,2,2,1.71
SP,와일스,키움,4.13,4,0,3,0,0,0,24,32,2,2,1,17,12,11,1.42
RP,김동규,키움,27,3,0,0,0,0,0,1 1/3,4,0,2,1,3,4,4,4.5
SP,박준현,키움,2.63,3,1,1,0,0,0.5,13 2/3,12,0,11,0,8,5,4,1.68
